Category,Feature_ID,Feature_Name,File_Location,Insertion_Point,Purpose,Priority,Status,Dependencies
A_Observation,A01,Market Microstructure Indicators,utils/indicators.py,add_microstructure_indicators(),Order flow and market depth analysis,High,Pending,pandas numpy
A_Observation,A02,Sentiment Analysis Integration,utils/indicators.py,add_sentiment_indicators(),News and social sentiment scoring,High,Pending,requests textblob
A_Observation,A03,Liquidity Metrics,utils/indicators.py,add_liquidity_metrics(),Market liquidity and impact assessment,Medium,Pending,numpy
A_Observation,A04,Intermarket Analysis,utils/indicators.py,add_intermarket_signals(),Cross-asset correlation signals,High,Pending,yfinance
A_Observation,A05,Options Flow Indicators,utils/indicators.py,add_options_flow(),Put/call ratios and options sentiment,Medium,Pending,requests
A_Observation,A06,Economic Calendar Integration,utils/indicators.py,add_economic_indicators(),Economic event impact scoring,High,Pending,requests
A_Observation,A07,Sector Rotation Signals,utils/indicators.py,add_sector_rotation(),Sector strength and rotation analysis,Medium,Pending,yfinance
A_Observation,A08,Time-based Patterns,utils/indicators.py,add_temporal_patterns(),Day-of-week and time-of-day effects,Low,Pending,datetime
A_Observation,A09,Volume Profile Analysis,utils/indicators.py,add_volume_profile(),Value area and volume distribution,High,Pending,numpy
A_Observation,A10,Fractal Indicators,utils/indicators.py,add_fractal_analysis(),Market structure fractals and pivots,Medium,Pending,numpy
A_Observation,A11,Multi-timeframe Confluence,utils/indicators.py,add_mtf_confluence(),Multiple timeframe signal alignment,High,Pending,pandas
A_Observation,A12,Momentum Persistence,utils/indicators.py,add_momentum_persistence(),Trend continuation probability,Medium,Pending,numpy
A_Observation,A13,Market Efficiency Metrics,utils/indicators.py,add_efficiency_metrics(),Market randomness and efficiency,Low,Pending,scipy
A_Observation,A14,Volatility Surface Analysis,utils/indicators.py,add_volatility_surface(),Implied volatility patterns,High,Pending,numpy
A_Observation,A15,Regime Change Detection,utils/indicators.py,add_regime_detection(),Advanced regime identification,High,Pending,sklearn
B_Risk,B01,Dynamic Position Sizing,env/trading_env.py,_dynamic_position_sizing(),Volatility-adjusted position sizing,High,Pending,numpy
B_Risk,B02,Risk Budget Allocation,env/trading_env.py,_risk_budget_manager(),Portfolio risk budget management,High,Pending,pandas
B_Risk,B03,Correlation Risk Management,env/trading_env.py,_correlation_risk_check(),Inter-asset correlation monitoring,Medium,Pending,numpy
B_Risk,B04,Tail Risk Hedging,env/trading_env.py,_tail_risk_hedging(),Black swan protection strategies,High,Pending,scipy
B_Risk,B05,Stress Testing Engine,env/trading_env.py,_stress_test_portfolio(),Portfolio stress scenario testing,Medium,Pending,numpy
B_Risk,B06,Value at Risk (VaR),env/trading_env.py,_calculate_var(),Risk exposure quantification,High,Pending,scipy
B_Risk,B07,Kelly Criterion Sizing,env/trading_env.py,_kelly_sizing(),Optimal bet sizing calculation,Medium,Pending,numpy
B_Risk,B08,Risk Parity Allocation,env/trading_env.py,_risk_parity_weights(),Equal risk contribution weighting,Medium,Pending,cvxpy
B_Risk,B09,Conditional VaR (CVaR),env/trading_env.py,_calculate_cvar(),Expected shortfall calculation,High,Pending,scipy
B_Risk,B10,Dynamic Hedging,env/trading_env.py,_dynamic_hedge_manager(),Real-time hedge ratio adjustment,High,Pending,numpy
B_Risk,B11,Exposure Concentration Limits,env/trading_env.py,_concentration_limits(),Position concentration monitoring,Medium,Pending,pandas
B_Risk,B12,Liquidity Risk Assessment,env/trading_env.py,_liquidity_risk_check(),Market liquidity impact analysis,High,Pending,numpy
B_Risk,B13,Risk Factor Decomposition,env/trading_env.py,_risk_factor_analysis(),Factor-based risk attribution,Medium,Pending,sklearn
B_Risk,B14,Regime-based Risk Scaling,env/trading_env.py,_regime_risk_scaling(),Market regime risk adjustment,High,Pending,numpy
B_Risk,B15,Real-time Risk Dashboard,backtest/analyze.py,create_risk_dashboard(),Live risk monitoring interface,Medium,Pending,dash plotly
C_Execution,C01,Smart Order Routing,env/trading_env.py,_smart_order_routing(),Optimal execution venue selection,High,Pending,requests
C_Execution,C02,TWAP/VWAP Execution,env/trading_env.py,_time_volume_weighted_execution(),Time/volume weighted execution,High,Pending,numpy
C_Execution,C03,Implementation Shortfall,env/trading_env.py,_implementation_shortfall(),Execution cost minimization,Medium,Pending,numpy
C_Execution,C04,Iceberg Order Logic,env/trading_env.py,_iceberg_order_execution(),Large order stealth execution,Medium,Pending,queue
C_Execution,C05,Market Impact Modeling,env/trading_env.py,_market_impact_model(),Price impact prediction,High,Pending,sklearn
C_Execution,C06,Latency Optimization,env/trading_env.py,_latency_optimizer(),Execution speed optimization,Low,Pending,asyncio
C_Execution,C07,Partial Fill Handling,env/trading_env.py,_partial_fill_manager(),Incomplete order management,Medium,Pending,collections
C_Execution,C08,Cross-venue Arbitrage,env/trading_env.py,_cross_venue_arbitrage(),Multi-exchange price differences,Medium,Pending,requests
C_Execution,C09,Adaptive Execution,env/trading_env.py,_adaptive_execution(),ML-driven execution optimization,High,Pending,sklearn
C_Execution,C10,Post-trade Analytics,backtest/analyze.py,_post_trade_analysis(),Execution quality measurement,Medium,Pending,pandas
C_Execution,C11,Pre-trade Risk Checks,env/trading_env.py,_pre_trade_risk_check(),Order validation and screening,High,Pending,numpy
C_Execution,C12,Order Book Analysis,env/trading_env.py,_order_book_analyzer(),Depth and liquidity analysis,Medium,Pending,collections
C_Execution,C13,Execution Algorithms,env/trading_env.py,_execution_algorithms(),Multiple execution strategies,High,Pending,numpy
C_Execution,C14,Trade Reporting Engine,logs/trade_reporter.py,generate_trade_report(),Regulatory compliance reporting,Low,Pending,pandas
C_Execution,C15,Execution Cost Analysis,backtest/analyze.py,_execution_cost_breakdown(),Cost component analysis,Medium,Pending,matplotlib
D_Reward,D01,Multi-objective Rewards,env/reward_engine.py,_multi_objective_reward(),Pareto-optimal reward balancing,High,Pending,scipy
D_Reward,D02,Risk-adjusted Performance,env/reward_engine.py,_risk_adjusted_metrics(),Sharpe/Sortino/Calmar ratios,High,Pending,numpy
D_Reward,D03,Benchmark-relative Rewards,env/reward_engine.py,_benchmark_relative_reward(),Alpha generation focus,Medium,Pending,pandas
D_Reward,D04,Regime-aware Rewards,env/reward_engine.py,_regime_aware_reward(),Context-sensitive reward scaling,High,Pending,numpy
D_Reward,D05,Tail Risk Penalties,env/reward_engine.py,_tail_risk_penalty(),Extreme loss penalization,High,Pending,scipy
D_Reward,D06,Consistency Bonuses,env/reward_engine.py,_consistency_bonus(),Steady performance rewards,Medium,Pending,numpy
D_Reward,D07,Transaction Cost Integration,env/reward_engine.py,_transaction_cost_reward(),Cost-aware reward design,High,Pending,numpy
D_Reward,D08,Time-decay Rewards,env/reward_engine.py,_time_decay_reward(),Temporal reward discounting,Medium,Pending,numpy
D_Reward,D09,Diversification Bonuses,env/reward_engine.py,_diversification_bonus(),Portfolio diversification rewards,Medium,Pending,numpy
D_Reward,D10,Momentum-reversal Balance,env/reward_engine.py,_momentum_reversal_balance(),Trend vs mean reversion,High,Pending,numpy
D_Reward,D11,Volatility-adjusted Returns,env/reward_engine.py,_volatility_adjusted_reward(),Risk-normalized performance,High,Pending,numpy
D_Reward,D12,Maximum Adverse Excursion,env/reward_engine.py,_mae_penalty(),Worst drawdown penalization,Medium,Pending,numpy
D_Reward,D13,Win Rate Optimization,env/reward_engine.py,_win_rate_optimizer(),Trade success rate focus,Medium,Pending,numpy
D_Reward,D14,Skewness Preferences,env/reward_engine.py,_skewness_reward(),Return distribution shaping,Low,Pending,scipy
D_Reward,D15,Dynamic Reward Scaling,env/reward_engine.py,_dynamic_reward_scaling(),Adaptive reward magnitude,High,Pending,numpy
E_Analytics,E01,Real-time Performance Dashboard,backtest/dashboard.py,create_live_dashboard(),Live performance monitoring,High,Pending,dash plotly
E_Analytics,E02,Trade Attribution Analysis,backtest/analyze.py,_trade_attribution(),Performance factor attribution,Medium,Pending,pandas
E_Analytics,E03,Risk Decomposition Reports,backtest/analyze.py,_risk_decomposition(),Risk source identification,High,Pending,numpy
E_Analytics,E04,Portfolio Optimization Tools,backtest/analyze.py,_portfolio_optimizer(),Efficient frontier analysis,Medium,Pending,cvxpy
E_Analytics,E05,Backtesting Framework,backtest/backtester.py,run_comprehensive_backtest(),Historical strategy testing,High,Pending,pandas
E_Analytics,E06,Monte Carlo Simulations,backtest/analyze.py,_monte_carlo_analysis(),Scenario probability analysis,Medium,Pending,numpy
E_Analytics,E07,Factor Exposure Analysis,backtest/analyze.py,_factor_exposure(),Style factor attribution,Medium,Pending,sklearn
E_Analytics,E08,Performance Persistence Tests,backtest/analyze.py,_persistence_tests(),Strategy consistency validation,Low,Pending,scipy
E_Analytics,E09,Regime Performance Analysis,backtest/analyze.py,_regime_performance(),Context-specific performance,High,Pending,pandas
E_Analytics,E10,Risk-Return Scatter Plots,backtest/plots.py,_risk_return_scatter(),Visual risk-return analysis,Low,Pending,matplotlib
E_Analytics,E11,Rolling Performance Metrics,backtest/analyze.py,_rolling_metrics(),Time-series performance stats,Medium,Pending,pandas
E_Analytics,E12,Correlation Heatmaps,backtest/plots.py,_correlation_heatmap(),Asset correlation visualization,Low,Pending,seaborn
E_Analytics,E13,Drawdown Analysis Tools,backtest/analyze.py,_drawdown_analysis(),Comprehensive drawdown metrics,Medium,Pending,numpy
E_Analytics,E14,Trade Pattern Recognition,backtest/analyze.py,_trade_pattern_analysis(),Winning pattern identification,Medium,Pending,sklearn
E_Analytics,E15,Performance Attribution Dashboard,backtest/dashboard.py,create_attribution_dashboard(),Interactive attribution analysis,Medium,Pending,dash
F_Adaptive,F01,Hyperparameter Optimization,agent/hyperparam_optimizer.py,optimize_hyperparameters(),Automated parameter tuning,High,Pending,optuna
F_Adaptive,F02,Online Learning Integration,agent/online_learner.py,setup_online_learning(),Real-time model adaptation,High,Pending,sklearn
F_Adaptive,F03,Ensemble Model Management,agent/ensemble_manager.py,manage_model_ensemble(),Multiple model combination,Medium,Pending,sklearn
F_Adaptive,F04,Meta-learning Framework,agent/meta_learner.py,meta_learning_pipeline(),Learning to learn strategies,High,Pending,pytorch
F_Adaptive,F05,Transfer Learning System,agent/transfer_learner.py,transfer_knowledge(),Cross-market knowledge transfer,Medium,Pending,tensorflow
F_Adaptive,F06,Adversarial Training,agent/adversarial_trainer.py,adversarial_training(),Robust model training,Medium,Pending,torch
F_Adaptive,F07,Active Learning Framework,agent/active_learner.py,active_learning_loop(),Optimal data selection,Medium,Pending,sklearn
F_Adaptive,F08,Model Compression Tools,agent/model_compressor.py,compress_models(),Efficient model deployment,Low,Pending,torch
F_Adaptive,F09,Continual Learning System,agent/continual_learner.py,continual_learning(),Non-forgetting adaptation,High,Pending,tensorflow
F_Adaptive,F10,Multi-task Learning,agent/multitask_learner.py,multitask_training(),Shared representation learning,Medium,Pending,pytorch
F_Adaptive,F11,Neural Architecture Search,agent/nas_optimizer.py,optimize_architecture(),Automated model design,Low,Pending,ray
F_Adaptive,F12,Federated Learning Setup,agent/federated_learner.py,federated_training(),Distributed learning system,Low,Pending,flower
F_Adaptive,F13,Curriculum Learning,agent/curriculum_learner.py,curriculum_training(),Progressive difficulty training,Medium,Pending,numpy
F_Adaptive,F14,Self-supervised Learning,agent/ssl_trainer.py,self_supervised_training(),Unlabeled data utilization,Medium,Pending,pytorch
F_Adaptive,F15,Model Interpretability,agent/explainer.py,explain_model_decisions(),Decision transparency tools,High,Pending,shap lime
G_Hybrid,G01,Expert System Integration,agent/expert_system.py,integrate_expert_rules(),Rule-based strategy overlay,High,Pending,pyke
G_Hybrid,G02,Technical Analysis Filters,utils/ta_filters.py,apply_ta_filters(),Classical TA signal filtering,Medium,Pending,talib
G_Hybrid,G03,Fundamental Analysis Overlay,utils/fundamental_analyzer.py,fundamental_screening(),Financial ratio analysis,Medium,Pending,requests
G_Hybrid,G04,Quantitative Factor Models,utils/factor_models.py,build_factor_models(),Multi-factor model construction,High,Pending,sklearn
G_Hybrid,G05,Event-driven Strategies,utils/event_strategies.py,event_driven_signals(),Corporate event trading,Medium,Pending,requests
G_Hybrid,G06,Seasonal Pattern Exploitation,utils/seasonal_patterns.py,seasonal_signal_generation(),Calendar effect utilization,Low,Pending,pandas
G_Hybrid,G07,Volatility Trading Strategies,utils/volatility_strategies.py,volatility_signal_generation(),Vol trading signal generation,Medium,Pending,numpy
G_Hybrid,G08,Mean Reversion Filters,utils/mean_reversion.py,mean_reversion_signals(),Mean reversion opportunity detection,Medium,Pending,numpy
G_Hybrid,G09,Momentum Strategy Filters,utils/momentum_strategies.py,momentum_signal_generation(),Trend following enhancement,Medium,Pending,numpy
G_Hybrid,G10,Arbitrage Opportunity Scanner,utils/arbitrage_scanner.py,scan_arbitrage_opportunities(),Cross-market arbitrage detection,High,Pending,requests
G_Hybrid,G11,Risk-on Risk-off Detector,utils/risk_sentiment.py,detect_risk_sentiment(),Market sentiment classification,Medium,Pending,sklearn
G_Hybrid,G12,Sector Rotation Strategies,utils/sector_rotation.py,sector_rotation_signals(),Sector momentum strategies,Medium,Pending,yfinance
G_Hybrid,G13,Pairs Trading Engine,utils/pairs_trading.py,pairs_trading_signals(),Statistical arbitrage strategies,High,Pending,statsmodels
G_Hybrid,G14,Options Strategy Overlay,utils/options_strategies.py,options_signal_generation(),Derivative strategy integration,Medium,Pending,py_vollib
G_Hybrid,G15,Credit Analysis Integration,utils/credit_analyzer.py,credit_risk_signals(),Credit quality assessment,Low,Pending,requests
H_Portfolio,H01,Multi-asset Allocation Engine,env/portfolio_manager.py,manage_multi_asset_portfolio(),Cross-asset portfolio management,High,Pending,cvxpy
H_Portfolio,H02,Dynamic Rebalancing System,env/rebalancer.py,dynamic_rebalancing(),Automatic portfolio rebalancing,High,Pending,numpy
H_Portfolio,H03,Currency Hedging Manager,env/currency_hedger.py,manage_currency_exposure(),FX risk management,Medium,Pending,requests
H_Portfolio,H04,Leverage Management System,env/leverage_manager.py,manage_leverage(),Portfolio leverage optimization,High,Pending,numpy
H_Portfolio,H05,Tax-efficient Trading,env/tax_optimizer.py,tax_efficient_execution(),Tax loss harvesting,Low,Pending,pandas
H_Portfolio,H06,ESG Integration Framework,env/esg_integrator.py,integrate_esg_factors(),Sustainable investing overlay,Low,Pending,requests
H_Portfolio,H07,Alternative Data Integration,data/alt_data_processor.py,process_alternative_data(),Non-traditional data sources,Medium,Pending,requests
H_Portfolio,H08,Cross-market Arbitrage,env/cross_market_arb.py,cross_market_arbitrage(),Multi-market opportunity exploitation,Medium,Pending,requests
H_Portfolio,H09,Volatility Targeting,env/vol_targeting.py,volatility_targeting(),Risk-adjusted position sizing,High,Pending,numpy
H_Portfolio,H10,Carry Strategy Implementation,env/carry_strategies.py,implement_carry_strategies(),Interest rate differential trading,Medium,Pending,requests
H_Portfolio,H11,Commodity Curve Analysis,env/commodity_analyzer.py,analyze_commodity_curves(),Futures curve trading strategies,Low,Pending,requests
H_Portfolio,H12,Real Estate Investment Tools,env/reit_analyzer.py,analyze_reit_opportunities(),REIT strategy implementation,Low,Pending,requests
H_Portfolio,H13,Fixed Income Strategies,env/fixed_income.py,fixed_income_strategies(),Bond and credit strategies,Medium,Pending,requests
H_Portfolio,H14,Cryptocurrency Integration,env/crypto_manager.py,manage_crypto_exposure(),Digital asset strategies,Medium,Pending,ccxt
H_Portfolio,H15,Portfolio Insurance Strategies,env/portfolio_insurance.py,implement_portfolio_insurance(),Downside protection strategies,Medium,Pending,numpy
I_Live_Trading,I01,Broker API Integration,live/broker_connector.py,connect_to_brokers(),Multi-broker connectivity,High,Pending,requests
I_Live_Trading,I02,Real-time Data Feeds,live/data_feed_manager.py,manage_realtime_feeds(),Live market data streaming,High,Pending,websocket
I_Live_Trading,I03,Order Management System,live/order_manager.py,manage_live_orders(),Order lifecycle management,High,Pending,threading
I_Live_Trading,I04,Position Reconciliation,live/position_reconciler.py,reconcile_positions(),Position accuracy verification,High,Pending,pandas
I_Live_Trading,I05,Risk Limit Monitoring,live/risk_monitor.py,monitor_live_risks(),Real-time risk checking,High,Pending,threading
I_Live_Trading,I06,Performance Tracking,live/performance_tracker.py,track_live_performance(),Live P&L monitoring,Medium,Pending,pandas
I_Live_Trading,I07,Alert Management System,live/alert_manager.py,manage_trading_alerts(),Notification and alert system,Medium,Pending,smtplib
I_Live_Trading,I08,Failover and Recovery,live/failover_manager.py,manage_system_failover(),System reliability management,High,Pending,threading
I_Live_Trading,I09,Compliance Monitoring,live/compliance_monitor.py,monitor_compliance(),Regulatory compliance checking,High,Pending,pandas
I_Live_Trading,I10,Trade Confirmation System,live/trade_confirmer.py,confirm_trade_execution(),Trade verification system,High,Pending,requests
I_Live_Trading,I11,Market Hours Management,live/market_hours.py,manage_market_hours(),Trading session management,Medium,Pending,datetime
I_Live_Trading,I12,Connection Monitoring,live/connection_monitor.py,monitor_connections(),Connectivity health checking,Medium,Pending,ping3
I_Live_Trading,I13,Emergency Stop System,live/emergency_stop.py,emergency_shutdown(),Crisis response system,High,Pending,threading
I_Live_Trading,I14,Latency Measurement,live/latency_monitor.py,measure_system_latency(),Performance optimization,Low,Pending,time
I_Live_Trading,I15,Audit Trail System,live/audit_trail.py,maintain_audit_trail(),Regulatory audit compliance,High,Pending,sqlite3
J_Research,J01,SHAP Explainability Tools,research/explainability.py,generate_shap_explanations(),Model decision explanation,High,Pending,shap
J_Research,J02,Feature Importance Analysis,research/feature_analyzer.py,analyze_feature_importance(),Feature significance analysis,Medium,Pending,sklearn
J_Research,J03,Model Diagnostics Suite,research/model_diagnostics.py,run_model_diagnostics(),Model health assessment,High,Pending,sklearn
J_Research,J04,A/B Testing Framework,research/ab_tester.py,setup_ab_testing(),Strategy comparison testing,Medium,Pending,scipy
J_Research,J05,Walk-forward Analysis,research/walk_forward.py,walk_forward_analysis(),Out-of-sample validation,High,Pending,pandas
J_Research,J06,Sensitivity Analysis Tools,research/sensitivity_analyzer.py,parameter_sensitivity_analysis(),Parameter robustness testing,Medium,Pending,numpy
J_Research,J07,Regime Analysis Tools,research/regime_analyzer.py,analyze_market_regimes(),Market condition analysis,High,Pending,sklearn
J_Research,J08,Factor Research Platform,research/factor_research.py,research_alpha_factors(),Alpha factor discovery,High,Pending,alphalens
J_Research,J09,Backtest Validation Suite,research/backtest_validator.py,validate_backtest_results(),Backtest reliability assessment,High,Pending,scipy
J_Research,J10,Statistical Significance Tests,research/stat_tests.py,run_significance_tests(),Strategy validation tests,Medium,Pending,scipy
J_Research,J11,Risk Model Validation,research/risk_validator.py,validate_risk_models(),Risk model accuracy testing,Medium,Pending,numpy
J_Research,J12,Performance Attribution Research,research/attribution_research.py,research_performance_attribution(),Return source analysis,Medium,Pending,pandas
J_Research,J13,Market Microstructure Analysis,research/microstructure_research.py,analyze_market_microstructure(),Order flow research tools,Low,Pending,numpy
J_Research,J14,Behavioral Finance Tools,research/behavioral_analyzer.py,analyze_behavioral_patterns(),Behavioral bias detection,Low,Pending,sklearn
J_Research,J15,Alternative Data Research,research/alt_data_research.py,research_alternative_datasets(),Non-traditional data analysis,Medium,Pending,requests